price,tsubo,tsubo_su,kenpei,building,age,birth,area
"47,400,000","563,000",44.69,0.834,"482,000",30,1986,A
"60,300,000","694,000",41.74,0.759,"518,000",36,1980,A
"53,700,000","744,000",42.89,0.955,"384,000",38,1978,A
"29,300,000","613,000",37.87,0.892,"440,000",42,1974,C
"56,200,000","717,000",38.87,1.005,"504,000",39,1977,A
"45,100,000","662,000",40.31,0.734,"534,000",40,1976,D
"44,700,000","648,000",42.87,0.849,"516,000",37,1979,C
"66,200,000","750,000",36.49,0.834,"396,000",43,1973,A
"47,500,000","793,000",30.22,0.86,"469,000",38,1978,C
"53,200,000","761,000",35.17,0.913,"478,000",37,1979,A
"38,100,000","583,000",41.98,0.866,"415,000",42,1974,B
"23,700,000","496,000",35.78,0.873,"388,000",41,1975,B
"25,700,000","568,000",40.57,0.904,"430,000",39,1977,D
"46,600,000","660,000",39.98,0.843,"537,000",39,1977,C
"60,600,000","587,000",34.8,0.844,"425,000",45,1971,A
"63,100,000","672,000",45.08,0.809,"466,000",36,1980,A
"46,700,000","667,000",43.48,0.882,"396,000",41,1975,B
"38,700,000","686,000",35.89,0.832,"411,000",39,1977,C
"48,400,000","698,000",35.16,0.853,"456,000",44,1972,C
"36,300,000","529,000",33.71,0.795,"448,000",42,1974,A
"36,000,000","541,000",33.35,0.994,"453,000",44,1972,C
"44,700,000","758,000",33.99,0.769,"503,000",43,1973,C
"55,600,000","658,000",39.33,0.818,"528,000",38,1978,A
"52,100,000","668,000",43.42,0.832,"434,000",43,1973,A
"43,200,000","631,000",28.31,0.882,"446,000",34,1982,C
"53,100,000","603,000",39.19,0.914,"477,000",46,1970,A
"53,300,000","571,000",47.14,0.828,"406,000",34,1982,A
"42,500,000","642,000",35.63,0.806,"446,000",43,1973,C
"61,400,000","731,000",42.4,0.83,"484,000",43,1973,A
"41,300,000","539,000",38.29,0.836,"479,000",45,1971,C
"63,500,000","715,000",42.98,0.877,"423,000",43,1973,A
"35,700,000","537,000",39.36,0.903,"438,000",37,1979,C
"52,200,000","656,000",44.52,0.791,"445,000",41,1975,A
"38,100,000","506,000",50.1,0.902,"432,000",41,1975,A
"50,800,000","622,000",42.34,0.901,"437,000",41,1975,A
"43,300,000","612,000",40.33,0.903,"399,000",38,1978,A
"39,400,000","397,000",40.21,0.747,"449,000",40,1976,D
"53,100,000","630,000",46.77,0.828,"409,000",43,1973,A
"62,500,000","673,000",31.96,0.793,"412,000",47,1969,A
"57,600,000","599,000",47.68,0.88,"454,000",44,1972,A
"38,400,000","677,000",39.76,0.897,"386,000",35,1981,C
"50,000,000","639,000",31.02,0.957,"491,000",41,1975,C
"46,800,000","622,000",36.72,0.922,"429,000",45,1971,C
"45,900,000","570,000",43.13,0.86,"459,000",45,1971,D
"48,800,000","515,000",46.15,0.828,"442,000",42,1974,C
"46,900,000","490,000",40.51,0.811,"426,000",39,1977,A
"50,900,000","635,000",40.77,0.837,"383,000",39,1977,A
"48,400,000","730,000",41.52,0.837,"437,000",38,1978,B
"36,700,000","605,000",36.77,0.802,"424,000",37,1979,C
"41,200,000","636,000",35.14,0.927,"491,000",40,1976,A
"51,800,000","664,000",35.39,0.841,"495,000",42,1974,A
"59,400,000","768,000",35.32,0.81,"420,000",40,1976,A
"66,600,000","571,000",47.53,0.834,"432,000",42,1974,A
"57,500,000","620,000",44.1,0.846,"499,000",40,1976,A
"50,200,000","664,000",42.6,0.895,"450,000",44,1972,A
"44,500,000","618,000",40.17,0.834,"488,000",37,1979,A
"62,700,000","586,000",49.95,0.829,"452,000",42,1974,A
"57,900,000","643,000",38.67,0.815,"489,000",46,1970,A
"61,100,000","732,000",51.55,0.808,"418,000",42,1974,A
"55,100,000","704,000",44.24,0.899,"455,000",39,1977,A
"46,600,000","638,000",42.49,0.787,"441,000",37,1979,B
"31,400,000","634,000",39.99,0.894,"468,000",43,1973,C
"45,500,000","555,000",41.63,0.861,"503,000",34,1982,D
"50,000,000","574,000",33.9,0.837,"510,000",45,1971,C
"51,300,000","635,000",35.82,0.889,"365,000",38,1978,A
"49,200,000","656,000",44.37,0.788,"408,000",35,1981,D
"51,300,000","666,000",41.76,0.775,"531,000",42,1974,A
"52,100,000","603,000",36.93,0.801,"475,000",38,1978,A
"44,700,000","647,000",34.52,0.917,"488,000",38,1978,B
"55,800,000","707,000",40.51,0.881,"442,000",42,1974,A
"71,000,000","828,000",36.51,0.817,"456,000",38,1978,A
"42,300,000","630,000",35.71,0.876,"496,000",36,1980,D
"43,500,000","726,000",39.12,0.818,"440,000",39,1977,B
"38,900,000","659,000",32.18,0.842,"407,000",45,1971,D
"37,500,000","719,000",30.18,0.899,"476,000",44,1972,C
"45,800,000","549,000",36.83,0.827,"522,000",41,1975,D
"39,800,000","744,000",36.04,0.83,"473,000",37,1979,C
"53,100,000","742,000",35.01,0.841,"430,000",36,1980,A
"44,100,000","566,000",45.88,0.866,"445,000",44,1972,D
"38,900,000","695,000",30.05,0.83,"454,000",42,1974,C
"62,500,000","683,000",42.05,0.811,"465,000",43,1973,A
"43,700,000","647,000",44.44,0.828,"471,000",43,1973,B
"68,600,000","729,000",43.26,0.825,"487,000",36,1980,A
"59,000,000","657,000",44.96,0.904,"485,000",42,1974,A
"50,300,000","559,000",37.2,0.852,"415,000",43,1973,A
"41,100,000","551,000",36.49,0.914,"418,000",35,1981,B
"58,900,000","756,000",39.22,0.929,"471,000",44,1972,A
"47,100,000","717,000",36.34,0.874,"465,000",39,1977,C
"43,800,000","556,000",42.01,0.789,"471,000",47,1969,B
"47,500,000","599,000",43.06,0.755,"449,000",37,1979,D
"60,500,000","746,000",36.44,0.786,"446,000",49,1967,A
"44,900,000","653,000",48.29,0.833,"469,000",34,1982,A
"41,300,000","688,000",28.85,0.844,"516,000",46,1970,C
"34,700,000","573,000",30.86,0.776,"456,000",39,1977,C
"56,500,000","562,000",45.84,0.815,"457,000",36,1980,A
"59,500,000","707,000",40.51,0.871,"520,000",41,1975,A
"39,800,000","530,000",38.95,0.859,"420,000",43,1973,C
"53,000,000","678,000",42.92,0.931,"539,000",38,1978,A
"35,400,000","638,000",42.03,0.823,"451,000",38,1978,D
"36,900,000","604,000",45.68,0.79,"463,000",36,1980,C
"34,500,000","579,000",36.12,0.774,"449,000",41,1975,B
"48,200,000","607,000",42.85,0.823,"357,000",38,1978,B
"56,200,000","717,000",48.05,0.83,"426,000",42,1974,A
"47,400,000","664,000",43.76,0.874,"460,000",32,1984,D
"63,400,000","773,000",44.76,0.924,"438,000",38,1978,A
"35,900,000","511,000",41.64,0.815,"520,000",43,1973,A
"42,600,000","488,000",44.18,0.895,"446,000",37,1979,C
"60,000,000","612,000",47.6,0.83,"455,000",39,1977,A
"53,400,000","642,000",49.29,0.85,"484,000",39,1977,A
"38,700,000","664,000",38.66,0.845,"478,000",45,1971,C
"42,500,000","491,000",41.21,0.85,"398,000",39,1977,C
"49,100,000","613,000",41.03,0.878,"480,000",41,1975,C
"53,500,000","667,000",44.81,0.748,"373,000",41,1975,A
"35,800,000","480,000",40.66,0.876,"414,000",36,1980,C
"57,700,000","733,000",35.62,0.856,"390,000",39,1977,A
"64,300,000","732,000",39.46,0.81,"416,000",38,1978,A
"64,300,000","694,000",44.38,0.86,"480,000",43,1973,A
"43,500,000","722,000",43.74,0.848,"484,000",41,1975,B
"42,700,000","516,000",44.92,0.885,"399,000",33,1983,A
"59,400,000","747,000",37.07,0.92,"513,000",39,1977,A
"53,700,000","550,000",47.59,0.864,"411,000",46,1970,A
"58,200,000","722,000",32.34,0.926,"450,000",41,1975,A
"30,400,000","687,000",31.64,0.879,"376,000",35,1981,D
"51,200,000","654,000",39.06,0.87,"425,000",36,1980,A
"35,600,000","597,000",38.8,0.889,"490,000",37,1979,D
"53,200,000","613,000",46.48,0.839,"389,000",38,1978,A
"48,000,000","814,000",32.75,0.734,"396,000",45,1971,C
"36,100,000","613,000",31.26,0.824,"541,000",38,1978,B
"41,200,000","600,000",39.99,0.808,"478,000",39,1977,A
"59,400,000","726,000",54.91,0.804,"465,000",35,1981,A
"64,300,000","729,000",41.81,0.856,"456,000",38,1978,A
"56,200,000","641,000",47.4,0.838,"504,000",38,1978,A
"45,900,000","623,000",34.3,0.927,"478,000",42,1974,B
"41,000,000","631,000",37.67,0.878,"468,000",38,1978,D
"54,700,000","671,000",39.37,0.905,"452,000",43,1973,A
"59,500,000","597,000",42.5,0.861,"488,000",40,1976,A
"60,500,000","655,000",37.98,0.826,"449,000",39,1977,A
"49,400,000","685,000",44.58,0.79,"450,000",42,1974,C
"42,800,000","501,000",38.08,0.919,"406,000",47,1969,C
"41,200,000","632,000",39.3,0.87,"377,000",37,1979,D
"57,300,000","641,000",36.68,0.786,"449,000",39,1977,A
"45,700,000","688,000",38.59,0.841,"510,000",41,1975,C
"51,000,000","632,000",45.41,0.936,"478,000",37,1979,A
"50,500,000","574,000",45.46,0.817,"396,000",40,1976,A
"55,300,000","670,000",42.32,0.839,"463,000",40,1976,A
"51,900,000","572,000",38.84,0.793,"424,000",35,1981,A
"45,000,000","532,000",34.58,0.806,"434,000",46,1970,C
"37,700,000","589,000",40.91,0.848,"452,000",41,1975,A
"46,800,000","531,000",37.3,0.811,"455,000",43,1973,C
"40,600,000","697,000",46.4,0.838,"382,000",38,1978,D
"57,000,000","653,000",41.72,0.829,"503,000",40,1976,A
"41,000,000","619,000",37.91,0.862,"512,000",39,1977,C
"55,100,000","741,000",43.59,0.891,"370,000",47,1969,A
"52,500,000","569,000",40.87,0.846,"495,000",34,1982,A
"45,200,000","655,000",35.89,0.948,"436,000",41,1975,B
"40,700,000","562,000",45.76,0.805,"416,000",45,1971,B
"55,400,000","772,000",36.75,0.866,"539,000",39,1977,A
"65,600,000","614,000",36.5,0.806,"463,000",41,1975,A
"56,800,000","661,000",33.99,0.878,"501,000",40,1976,A
"50,800,000","658,000",42.29,0.917,"461,000",39,1977,A
"42,400,000","548,000",43.4,0.836,"409,000",43,1973,B
"66,900,000","708,000",55.65,0.92,"486,000",46,1970,A
"48,600,000","692,000",44.58,0.866,"393,000",37,1979,B
"60,600,000","698,000",36.37,0.888,"541,000",41,1975,A
"35,500,000","572,000",39.27,0.898,"495,000",44,1972,B
"61,400,000","681,000",47.57,0.854,"406,000",45,1971,A
"43,800,000","698,000",37.13,0.85,"451,000",37,1979,C
"43,200,000","585,000",35.73,0.864,"534,000",39,1977,B
"51,500,000","622,000",41.02,0.9,"479,000",33,1983,A
"50,000,000","587,000",43.92,0.899,"424,000",41,1975,C
"57,300,000","889,000",54.68,0.853,"373,000",35,1981,A
"55,700,000","500,000",48.12,0.829,"484,000",45,1971,A
"57,400,000","625,000",42.28,0.941,"427,000",37,1979,A
"41,600,000","560,000",42.13,0.957,"376,000",38,1978,C
"64,600,000","666,000",38.44,0.849,"407,000",38,1978,A
"50,800,000","602,000",41.27,0.874,"397,000",37,1979,A
"59,600,000","745,000",45.73,0.856,"455,000",35,1981,A
"48,600,000","667,000",35.79,0.901,"421,000",36,1980,A
"47,200,000","657,000",44.11,0.908,"357,000",42,1974,D
"60,900,000","766,000",43.56,0.903,"469,000",36,1980,A
"57,000,000","612,000",47.19,0.89,"377,000",43,1973,A
"59,700,000","624,000",50.52,0.828,"394,000",43,1973,A
"49,600,000","554,000",42.84,0.859,"461,000",41,1975,C
"54,800,000","710,000",38.49,0.822,"440,000",42,1974,A
"40,800,000","559,000",46.22,0.826,"422,000",34,1982,A
"67,900,000","758,000",42.17,0.731,"477,000",42,1974,A
"42,000,000","564,000",43.66,0.851,"394,000",39,1977,B
"41,200,000","620,000",36.01,0.87,"467,000",41,1975,B
"52,500,000","694,000",40.03,0.879,"516,000",39,1977,A
"64,700,000","746,000",40.6,0.742,"512,000",40,1976,A
"45,000,000","606,000",41.69,0.791,"473,000",34,1982,A
"53,400,000","661,000",44.2,0.911,"457,000",42,1974,A
"53,600,000","581,000",49.47,0.889,"462,000",37,1979,A
"53,200,000","584,000",33.9,0.844,"443,000",41,1975,A
"49,300,000","713,000",39.47,0.814,"483,000",41,1975,C
"59,900,000","770,000",39.02,0.829,"418,000",36,1980,A
"46,000,000","516,000",38.64,0.789,"448,000",44,1972,C
"45,400,000","595,000",37.13,0.838,"490,000",35,1981,C
"41,800,000","665,000",33.85,0.877,"426,000",37,1979,B
"45,100,000","606,000",39.42,0.856,"474,000",42,1974,C
"47,800,000","584,000",41.87,0.912,"453,000",38,1978,A
"53,300,000","724,000",46.8,0.814,"438,000",40,1976,A
"48,600,000","742,000",37.34,0.807,"439,000",42,1974,C
"52,200,000","646,000",44.6,0.875,"421,000",40,1976,A
"51,100,000","766,000",50.1,0.804,"411,000",34,1982,A
"42,800,000","690,000",34.14,0.841,"425,000",44,1972,B
"60,900,000","644,000",45.75,0.805,"407,000",48,1968,A
"51,700,000","752,000",44.94,0.749,"523,000",42,1974,A
"60,600,000","638,000",44.44,0.827,"472,000",45,1971,A
"62,600,000","716,000",42.67,0.844,"457,000",44,1972,A
"56,900,000","684,000",45.23,0.797,"506,000",45,1971,A
"51,100,000","668,000",40.59,0.861,"452,000",38,1978,A
"43,500,000","736,000",35.45,0.821,"469,000",42,1974,A
"48,000,000","488,000",44.02,0.88,"445,000",40,1976,A
"54,800,000","557,000",40.67,0.758,"445,000",45,1971,A
"41,600,000","516,000",34.66,0.834,"407,000",40,1976,B
"56,300,000","746,000",41.8,0.795,"473,000",43,1973,A
"47,200,000","720,000",33.56,0.886,"429,000",37,1979,B
"63,800,000","697,000",49.8,0.863,"359,000",41,1975,A
"53,200,000","645,000",39.26,0.861,"435,000",32,1984,A
"40,400,000","592,000",41.73,0.849,"422,000",42,1974,D
"47,500,000","684,000",44.76,0.803,"444,000",40,1976,C
"63,100,000","849,000",42.35,0.831,"466,000",49,1967,A
"50,200,000","774,000",29.59,0.9,"475,000",37,1979,A
"47,200,000","522,000",46.98,0.876,"427,000",38,1978,C
"48,200,000","745,000",39.04,0.97,"487,000",42,1974,C
"47,300,000","662,000",30.89,0.83,"401,000",39,1977,C
"46,700,000","524,000",41.03,0.889,"480,000",41,1975,B
"57,100,000","792,000",34.32,0.896,"403,000",39,1977,A
"49,000,000","647,000",38.79,0.813,"405,000",35,1981,B
"52,800,000","763,000",44.16,0.836,"477,000",39,1977,A
"52,000,000","678,000",42.36,0.853,"345,000",45,1971,A
"64,000,000","697,000",43.47,0.766,"493,000",44,1972,A
"47,900,000","638,000",32.1,0.723,"459,000",41,1975,A
"54,900,000","463,000",36.75,0.773,"485,000",38,1978,A
"53,700,000","823,000",40.59,0.858,"413,000",42,1974,A
"46,200,000","741,000",31.67,0.806,"436,000",40,1976,B
"49,900,000","448,000",43.17,0.894,"428,000",45,1971,C
"37,700,000","469,000",37.62,0.923,"497,000",41,1975,C
"50,800,000","678,000",40.64,0.892,"430,000",36,1980,A
"28,000,000","515,000",44.68,0.729,"495,000",41,1975,A
"45,100,000","543,000",35.53,0.746,"505,000",34,1982,C
"46,100,000","675,000",44.01,0.872,"489,000",44,1972,D
"45,300,000","608,000",39.46,0.879,"406,000",40,1976,B
"38,000,000","632,000",37.87,0.905,"417,000",41,1975,B
"54,800,000","653,000",36.8,0.766,"466,000",32,1984,A
"46,700,000","617,000",40.19,0.823,"415,000",39,1977,C
"60,900,000","744,000",41.37,0.832,"448,000",45,1971,A
"50,900,000","482,000",33.73,0.843,"436,000",46,1970,A
"51,300,000","606,000",39.43,0.833,"451,000",30,1986,A
"60,700,000","566,000",43.76,0.818,"542,000",36,1980,A
"56,700,000","725,000",49.92,0.872,"519,000",34,1982,A
"56,900,000","647,000",37.05,0.845,"423,000",47,1969,A
"45,400,000","646,000",41.96,0.817,"372,000",31,1985,D
"37,100,000","651,000",42.61,0.859,"524,000",37,1979,C
"48,300,000","648,000",41.3,0.929,"459,000",35,1981,D
"57,900,000","780,000",43.76,0.832,"516,000",38,1978,A
"55,400,000","794,000",43.01,0.903,"489,000",50,1966,A
"45,500,000","609,000",39.5,0.874,"448,000",41,1975,B
"51,000,000","632,000",50.41,0.966,"448,000",44,1972,A
"56,700,000","724,000",38.87,0.947,"418,000",48,1968,A
"53,300,000","602,000",33.03,0.899,"454,000",37,1979,A
"45,700,000","664,000",40.69,0.898,"474,000",42,1974,A
"52,100,000","662,000",38.29,0.882,"487,000",47,1969,A
"46,500,000","744,000",37.62,0.849,"457,000",47,1969,B
"59,500,000","781,000",45.17,0.876,"450,000",35,1981,A
"55,400,000","665,000",31.71,0.784,"456,000",36,1980,A
"49,200,000","588,000",42.21,0.849,"479,000",36,1980,A
"48,700,000","575,000",46,0.89,"495,000",44,1972,C
"51,900,000","681,000",41.2,0.907,"417,000",35,1981,A
"55,200,000","604,000",39.43,0.844,"536,000",39,1977,A
"52,800,000","874,000",29.1,0.866,"481,000",41,1975,A
"44,800,000","510,000",38.37,0.879,"444,000",40,1976,B
"51,200,000","576,000",49.02,0.818,"475,000",40,1976,A
"46,600,000","490,000",35.34,0.819,"435,000",37,1979,C
"39,800,000","607,000",35.56,0.968,"424,000",42,1974,C
"60,100,000","688,000",40.3,0.823,"477,000",33,1983,A
"49,200,000","672,000",36.88,0.856,"448,000",41,1975,C
"53,900,000","711,000",32.38,0.862,"428,000",38,1978,A
"53,300,000","663,000",40.3,0.843,"434,000",40,1976,A
"44,400,000","562,000",34.05,0.798,"397,000",36,1980,B
"34,900,000","583,000",48.04,0.801,"437,000",45,1971,B
"44,900,000","572,000",35.61,0.855,"460,000",39,1977,D
"48,500,000","600,000",35.31,0.853,"478,000",33,1983,D
"48,100,000","753,000",43.39,0.825,"452,000",43,1973,C
"47,700,000","686,000",37.39,0.794,"445,000",46,1970,A
"58,400,000","615,000",49.73,0.764,"449,000",47,1969,A
"39,000,000","449,000",39.91,0.806,"487,000",37,1979,C
"54,900,000","630,000",50.44,0.814,"499,000",43,1973,A
"50,400,000","499,000",39.57,0.883,"427,000",50,1966,A
"66,300,000","767,000",40.17,0.802,"431,000",42,1974,A
"45,600,000","700,000",34.61,0.854,"415,000",45,1971,D
"42,900,000","728,000",34.14,0.81,"426,000",41,1975,B
"47,200,000","667,000",35.31,0.799,"474,000",40,1976,D
"35,900,000","528,000",32.6,0.871,"508,000",38,1978,C
"39,700,000","634,000",43.87,0.882,"385,000",35,1981,D
"53,400,000","668,000",44.79,0.761,"445,000",36,1980,A
"52,600,000","705,000",36.57,0.934,"466,000",41,1975,A
"43,700,000","529,000",43.22,0.854,"429,000",44,1972,C
"51,900,000","621,000",36.48,0.822,"488,000",40,1976,A
"54,600,000","757,000",33.13,0.93,"478,000",40,1976,A
"45,400,000","579,000",38.49,0.828,"463,000",42,1974,C
"59,100,000","648,000",36.62,0.947,"503,000",40,1976,A
"57,700,000","732,000",38.37,0.866,"461,000",36,1980,A
"50,800,000","679,000",42.82,0.861,"495,000",36,1980,A
"60,300,000","627,000",40.82,0.935,"427,000",41,1975,A
"49,700,000","615,000",37.33,0.982,"470,000",36,1980,B
"47,600,000","691,000",44.61,0.813,"481,000",43,1973,B
"44,100,000","599,000",36.03,0.741,"496,000",40,1976,A
"46,900,000","511,000",47.75,0.837,"445,000",41,1975,A
"50,000,000","680,000",45.62,0.854,"501,000",49,1967,C
"54,100,000","713,000",40.1,0.831,"461,000",45,1971,A
"68,100,000","777,000",49.44,0.913,"447,000",38,1978,A
"49,300,000","520,000",51.54,0.826,"438,000",34,1982,C
"52,500,000","608,000",41.16,0.801,"472,000",36,1980,A
"46,600,000","498,000",47.7,0.839,"435,000",43,1973,D
"46,700,000","770,000",38.81,0.88,"444,000",42,1974,C
"61,400,000","645,000",41.94,0.815,"435,000",45,1971,A
"60,200,000","753,000",42.74,0.969,"472,000",44,1972,A
"55,900,000","728,000",46.16,0.812,"436,000",39,1977,A
"42,800,000","641,000",40.96,0.818,"489,000",37,1979,B
"57,100,000","676,000",45.51,0.921,"438,000",36,1980,A
"51,200,000","739,000",37.45,0.927,"433,000",47,1969,A
"39,400,000","586,000",33.88,0.898,"467,000",39,1977,C
"50,200,000","606,000",48.1,0.904,"412,000",45,1971,A
"38,300,000","645,000",35.7,0.82,"370,000",40,1976,C
"27,500,000","651,000",41.29,0.742,"469,000",35,1981,C
"66,400,000","739,000",54.45,0.911,"501,000",37,1979,A
"47,300,000","617,000",42.25,0.977,"470,000",52,1964,D
"58,500,000","676,000",45.5,0.883,"476,000",36,1980,A
"60,800,000","775,000",37.14,0.909,"432,000",43,1973,A
"59,400,000","642,000",40.67,0.832,"446,000",38,1978,A
"42,000,000","661,000",44.31,0.864,"404,000",41,1975,C
"47,200,000","587,000",39.62,0.871,"424,000",45,1971,B
"50,400,000","708,000",42.73,0.806,"445,000",41,1975,A
"48,500,000","506,000",46.15,0.863,"478,000",37,1979,A
"48,800,000","697,000",36.8,0.88,"439,000",39,1977,C
"39,000,000","754,000",46.07,0.674,"380,000",35,1981,C
"48,000,000","626,000",44.77,0.827,"454,000",47,1969,C
"55,900,000","723,000",48.8,0.838,"496,000",47,1969,A
"45,300,000","619,000",38.26,0.951,"431,000",38,1978,B
"29,300,000","548,000",35.8,0.822,"443,000",35,1981,C
"57,000,000","631,000",49.62,0.862,"414,000",42,1974,A
"47,800,000","578,000",31.87,0.844,"458,000",40,1976,A
"52,900,000","521,000",43.23,0.778,"476,000",38,1978,A
"60,700,000","717,000",49.03,0.858,"461,000",38,1978,A
"49,000,000","604,000",38.54,0.88,"462,000",36,1980,D
"43,300,000","711,000",41.02,0.931,"391,000",29,1987,B
"47,600,000","566,000",43.16,0.915,"478,000",42,1974,B
"37,700,000","599,000",37.38,0.919,"495,000",44,1972,C
"48,100,000","783,000",40.97,0.875,"427,000",33,1983,B
"41,800,000","634,000",39.87,0.893,"532,000",37,1979,C
"62,200,000","653,000",41.49,0.9,"473,000",48,1968,A
"38,100,000","544,000",35.16,0.839,"438,000",40,1976,B
"60,100,000","820,000",43.89,0.827,"406,000",41,1975,A
"53,300,000","591,000",47.88,0.88,"336,000",41,1975,A
"56,800,000","646,000",52.53,0.849,"495,000",38,1978,A
"42,100,000","602,000",42.21,0.866,"446,000",39,1977,D
"45,000,000","654,000",34.27,0.808,"463,000",47,1969,D
"48,200,000","638,000",39.62,0.803,"498,000",38,1978,B
"48,800,000","679,000",34.38,0.849,"408,000",45,1971,B
"55,100,000","605,000",40.64,0.88,"441,000",33,1983,A
"59,300,000","678,000",39.4,0.884,"454,000",41,1975,A
"45,100,000","744,000",33.16,0.839,"423,000",45,1971,B
"63,600,000","588,000",49.67,0.879,"460,000",39,1977,A
"58,300,000","612,000",46.11,0.791,"462,000",43,1973,A
"34,700,000","532,000",36.69,0.832,"378,000",34,1982,A
"49,200,000","745,000",39.86,0.867,"385,000",43,1973,C
"41,700,000","463,000",40.14,0.862,"504,000",46,1970,B
"56,700,000","684,000",40.95,0.823,"459,000",42,1974,A
"53,100,000","652,000",39.09,0.883,"492,000",44,1972,A
"44,200,000","640,000",37.58,0.84,"437,000",41,1975,B
"65,500,000","705,000",40.39,0.883,"463,000",39,1977,A
"55,000,000","574,000",51.2,0.762,"516,000",42,1974,A
"45,000,000","642,000",40.57,0.806,"467,000",42,1974,D
"53,700,000","668,000",41.82,0.918,"418,000",40,1976,A
"46,800,000","491,000",46.72,0.949,"423,000",44,1972,C
"47,000,000","734,000",41.08,0.875,"381,000",39,1977,B
"36,300,000","544,000",37.29,0.732,"450,000",37,1979,C
"55,700,000","695,000",48.36,0.875,"470,000",42,1974,A
"51,000,000","547,000",44.74,0.919,"491,000",41,1975,A
"40,200,000","667,000",34.6,0.771,"483,000",48,1968,B
"42,700,000","742,000",34.36,0.908,"455,000",46,1970,B
"66,400,000","790,000",53.03,0.845,"442,000",49,1967,A
"35,500,000","616,000",38.94,0.818,"432,000",37,1979,D
"50,300,000","537,000",41.8,0.919,"512,000",41,1975,A
"42,600,000","568,000",31.82,0.809,"413,000",39,1977,B
"44,500,000","623,000",34.43,0.882,"485,000",45,1971,C
"54,000,000","707,000",47.71,0.734,"412,000",41,1975,A
"43,600,000","746,000",38.24,0.813,"396,000",43,1973,C
"43,100,000","599,000",42.58,0.766,"460,000",39,1977,B
"50,000,000","696,000",31.32,0.887,"492,000",36,1980,B
"47,800,000","576,000",45.06,0.804,"426,000",37,1979,B
"36,200,000","816,000",29.91,0.797,"444,000",37,1979,A
"56,800,000","682,000",43.63,0.853,"413,000",35,1981,A
"47,900,000","645,000",39.81,0.9,"357,000",34,1982,A
"47,400,000","722,000",32.43,0.88,"442,000",30,1986,C
"59,800,000","556,000",45.32,0.833,"445,000",45,1971,A
"41,600,000","612,000",40.01,0.779,"491,000",42,1974,A
"53,600,000","522,000",40.95,0.94,"447,000",39,1977,A
"48,800,000","548,000",39.18,0.875,"416,000",35,1981,B
"53,500,000","701,000",44.26,0.939,"428,000",39,1977,A
"46,200,000","613,000",42.79,0.799,"366,000",42,1974,B
"44,900,000","611,000",34.48,0.831,"491,000",38,1978,A
"64,100,000","729,000",46.92,0.84,"525,000",47,1969,A
"46,400,000","623,000",41.05,0.874,"466,000",32,1984,C
"60,600,000","691,000",32.13,0.884,"442,000",38,1978,A
"41,800,000","638,000",34.75,0.787,"452,000",43,1973,B
"51,100,000","625,000",45.45,0.85,"399,000",31,1985,A
"38,300,000","762,000",35.04,0.813,"465,000",46,1970,B
"50,300,000","595,000",38.33,0.884,"423,000",43,1973,A
"55,500,000","668,000",49.98,0.908,"489,000",39,1977,A
"45,900,000","668,000",32.59,0.855,"458,000",36,1980,D
"59,200,000","776,000",40.69,0.794,"420,000",39,1977,A
"37,200,000","585,000",36.02,0.803,"392,000",40,1976,B
"38,900,000","596,000",38.49,0.799,"460,000",37,1979,A
"53,500,000","807,000",36.71,0.894,"427,000",45,1971,A
"37,100,000","555,000",38.49,0.827,"426,000",42,1974,B
"33,500,000","580,000",34.81,0.787,"481,000",29,1987,B
"35,700,000","558,000",42.73,0.807,"457,000",37,1979,B
"57,000,000","648,000",51.09,0.912,"421,000",39,1977,A
"47,800,000","655,000",38.75,0.824,"439,000",48,1968,A
"38,500,000","567,000",33.23,0.87,"483,000",41,1975,D
"55,400,000","791,000",35.99,0.825,"435,000",39,1977,A
"49,400,000","723,000",43.13,0.928,"468,000",43,1973,C
"38,100,000","554,000",38.23,0.876,"444,000",38,1978,B
"54,100,000","688,000",41.75,0.927,"504,000",33,1983,A
"49,700,000","678,000",36.94,0.855,"464,000",42,1974,D
"57,500,000","704,000",41.39,0.877,"446,000",36,1980,A
"46,300,000","770,000",32.23,0.904,"437,000",48,1968,B
"54,300,000","727,000",36.6,0.842,"466,000",40,1976,A
"48,600,000","671,000",47.38,0.833,"477,000",39,1977,B
"36,700,000","541,000",33.19,0.912,"485,000",46,1970,B
"60,700,000","581,000",40.93,0.933,"395,000",32,1984,A
"62,900,000","631,000",60.86,0.866,"411,000",44,1972,A
"49,000,000","648,000",40.55,0.816,"501,000",44,1972,B
"56,400,000","728,000",37.37,0.822,"516,000",42,1974,A
"67,700,000","723,000",47.76,0.885,"387,000",38,1978,A
"42,900,000","565,000",43.51,0.902,"346,000",40,1976,C
"44,100,000","659,000",36.79,0.794,"353,000",35,1981,B
"48,000,000","641,000",41.3,0.896,"454,000",38,1978,B
"51,100,000","703,000",38.1,0.935,"442,000",36,1980,A
"59,600,000","821,000",41.07,0.835,"407,000",43,1973,A
"46,000,000","587,000",33.38,0.798,"469,000",40,1976,B
"53,700,000","718,000",39.82,0.839,"476,000",44,1972,A
"54,800,000","741,000",42.99,0.977,"426,000",43,1973,A
"39,600,000","709,000",36.91,0.833,"436,000",48,1968,A
"55,500,000","620,000",41.51,0.911,"455,000",40,1976,A
"70,100,000","763,000",42.19,0.932,"502,000",40,1976,A
"54,300,000","771,000",36.74,0.897,"453,000",45,1971,A
"57,900,000","754,000",37.99,0.837,"443,000",41,1975,A
"46,800,000","672,000",32.05,0.893,"396,000",41,1975,A
"54,500,000","675,000",40.77,0.805,"475,000",39,1977,A
"43,800,000","593,000",43.03,0.801,"459,000",40,1976,B
"47,500,000","568,000",37.48,0.844,"427,000",37,1979,B
"48,200,000","657,000",35.28,0.924,"473,000",42,1974,B
"33,800,000","455,000",40.28,0.804,"452,000",39,1977,C
"54,700,000","824,000",45.33,0.879,"356,000",37,1979,A
"43,900,000","620,000",32.46,0.866,"417,000",33,1983,B
"52,300,000","671,000",40.37,0.896,"522,000",41,1975,A
"47,400,000","624,000",36.5,0.885,"494,000",34,1982,B
"44,800,000","689,000",34.3,0.896,"396,000",39,1977,A
"59,400,000","675,000",37.69,0.833,"449,000",47,1969,A
"43,100,000","690,000",32.75,0.845,"429,000",48,1968,C
"35,700,000","576,000",43.65,0.857,"487,000",42,1974,A
"64,000,000","725,000",42.42,0.924,"442,000",44,1972,A
"32,100,000","532,000",34.93,0.879,"469,000",40,1976,C
"46,400,000","523,000",35.15,0.889,"401,000",41,1975,D
"53,900,000","612,000",45.16,0.849,"422,000",41,1975,A
"50,100,000","669,000",37.03,0.838,"461,000",36,1980,A
"28,500,000","560,000",29.48,0.778,"386,000",38,1978,A
"53,100,000","698,000",42.21,0.886,"433,000",34,1982,A
"50,400,000","667,000",35.17,0.81,"438,000",37,1979,A
"44,000,000","587,000",43.31,0.794,"520,000",36,1980,D
"63,700,000","719,000",47.39,0.926,"418,000",42,1974,A
"59,100,000","734,000",44.38,0.875,"461,000",36,1980,A
"61,100,000","635,000",44.66,0.867,"399,000",40,1976,A
"62,700,000","772,000",39.45,0.913,"494,000",47,1969,A
"53,500,000","651,000",34.32,0.826,"462,000",40,1976,A
"48,300,000","612,000",50.85,0.882,"454,000",34,1982,C
"51,200,000","730,000",47.42,0.875,"509,000",39,1977,A
"41,000,000","642,000",33.26,0.886,"412,000",31,1985,A
"50,500,000","575,000",48.59,0.855,"403,000",34,1982,A
"44,300,000","668,000",38.89,0.761,"405,000",43,1973,B
"48,400,000","663,000",33.32,0.841,"483,000",48,1968,C
"59,900,000","688,000",41.19,0.791,"378,000",38,1978,A
"56,900,000","785,000",37.6,0.911,"422,000",44,1972,A
"46,600,000","675,000",36.34,0.83,"414,000",43,1973,C
"60,700,000","720,000",43.92,0.874,"424,000",40,1976,A
"39,300,000","702,000",33.71,0.84,"486,000",45,1971,C
"37,400,000","514,000",43.26,0.796,"459,000",41,1975,D
"50,800,000","703,000",43.11,0.811,"502,000",47,1969,A
"47,500,000","620,000",33.29,0.827,"496,000",44,1972,C
"65,800,000","668,000",47.62,0.798,"461,000",39,1977,A
"34,600,000","649,000",35.94,0.923,"429,000",36,1980,B
"55,000,000","632,000",36.9,0.855,"457,000",47,1969,A
"40,700,000","712,000",31.26,0.941,"468,000",43,1973,B
"55,600,000","773,000",39.71,0.855,"369,000",36,1980,A
"51,500,000","677,000",37.22,0.847,"489,000",47,1969,A
"48,200,000","611,000",47.19,0.751,"495,000",37,1979,B